1|Obavestenje 1|4
2|Obavestenje 2|4
3|Obavestenje 3|4
4|We have created a tour with your requested language.spanski|4
5|We have created a tour with your requested language.spanski|4
6|We have created a tour with your requested language.spanski|4
7|We have created a tour by your request.|4
8|We have created a tour by your request.|4
9|We have created a tour by your request.|4
10|We have created a tour by your request.|4
11|We have created a tour by your request.|4
12|We have created a tour by your request.|4
13|We have created a tour by your request.|4
14|We have created a tour by your request.|4
15|We have created a tour by your request.|4
